accuracy,precision,recall,f1_score
0.7352716814250518,0.7362433711928035,0.7352716814250518,0.7357544533118802
