accuracy,precision,recall,f1_score
0.7565175708969456,0.7320808428771944,0.7565175708969456,0.7428882747184383
