accuracy,precision,recall,f1_score
0.7774645128702052,0.7436608559786694,0.7774645128702049,0.7563670155690452
