accuracy,precision,recall,f1_score
0.7987567907470595,0.7617462199677117,0.7987567907470596,0.7681349293848637
