accuracy,precision,recall,f1_score
0.8596183780551919,0.8601341429162026,0.8596183780551917,0.8592428582292937
