mean absolute error,mean squarred error
16.895688725901024,3218.379285495186
