accuracy,precision,recall,f1_score
0.7797478532477038,0.7061533804222795,0.7797478532477036,0.7196927074489046
